id,,desc,,,id_id,desc2, p ,NA,a
1,,JABÓN EN POLVO ARCOIRIS, $22.63 ,,1,N/A, $37 ,NA,NA
2,,MAYOR COLOR , $9.59 ,,1,"MAYOR COLOR  ES UN DETERGENTE LÍQUIDO ESPECÍFICAMENTE DISEÑADO PARA CUIDAR Y MANTENER LOS TONOS VIVOS EN TU ROPA DE COLOR. CREADA ESPECIALMENTE PARA ACTUAR CUIDADOSAMENTE SOBRE LAS FIBRAS DE TU ROPA, REVIVIENDO LOS TONOS Y MANTENIENDO SU FORMA.

CON SU FÓRMULA ÚNICA Y ESPECIALIZADA, ADEMÁS DE LIMPIAR CADA UNA DE TU PRENDAS COMO NINGÚN OTRO DETERGENTE,  TAMBIÉN LA DEJARÁ LUCIENDO COMO NUEVA. OLVÍDATE DE ROPA DECOLORADA, ENCOGIDA O SIN FORMA.", $16 ,NA,NA
3,, MAYORIEL, $11.36 ,,1,"SE UTILIZA PARA LAVAR PRENDAS QUE ESTÁN MÁS SUCIAS O PERCUDIDAS QUE EL RESTO A LAVAR. PUEDE USARSE PARA CUALQUIER TIPO DE PRENDA PERO HACE MÁS ÉNFASIS HACIA LA DE COLOR, ROPA DE TRABAJO O MEZCLILLA. ", $18 ,NA,NA
4,,MAYOR ROSITA , $9.34 ,,1,"ES UN DETERGENTE CON SUAVIZANTE INTEGRADO EN SU FÓRMULA PARA LAVAR ROPA MÁS DELICADA O QUE NO NECESITAN UN CICLO DE LAVADO TAN LARGO O MUY BRUSCO. TIENE MUY BUENA DETERGENCIA COMO PARA PODER LAVAR A LA PERFECCIÓN DICHAS PRENDAS, ADEMÁS SU ANTI ESTÁTICO Y AROMA QUE LO CARACTERIZA PERMITE OMITIR EL USO DE AUVIZANTES, IMPACTANDO ASÍ EN LA ECONOMÍA DEL HOGAR. ", $16 ,NA,NA
5,,MAYORZOTE BLANCO , $12.16 ,,1,ES UN DETERGENTE UTILIZADO PARA LAVAR PRENDAS QUE ESTÁN MÁS SUCIAS O PERCUDIDAS QUE EL RESTO A LAVAR. PUEDE USARSE PARA CUALQUIER TIPO DE PRENDA PERO HACE MAS ÉNFASIS HACIA LA ROPA BLANCA O ROPA DE TRABAJO QUE ESTÉ MÁS PERCUDIDA Y CON MANCHAS DIFÍCILES DE QUITAR. , $18 ,NA,NA
6,,MAYOR NEGRO , $9.69 ,,1,"ES UN DETERGENTE LÍQUIDO DISEÑADO PARA EL LAVADO EXCLUSIVAMENTE DE LA ROPA NEGRA, SUS PIGMENTOS Y SUS SURFACTANTES PERMITEN FIJAR Y CONSERVAR EL COLOR DE LA PRENDA. MAYOR NEGRO ES UN DETERGENTE FORMULADO CON QUÍMICOS BIODEGRADABLES Y PERMITE UN ENJUAGUE MÁS RÁPIDO EVITANDO ASÍ EL DESPERDICIO DE AGUA Y EL CUIDADO DEL MEDIO AMBIENTE. ", $16 ,NA,NA
7,,VANISH, $7.20 ,,1,"Es un producto especialmente formulado para remover manchas y blanquear los blancos, funciona hasta con agua fría (30°C). Utiliza Vanish diariamente, así el blanco de tu ropa permanecerá así por mucho más tiempo.", $16 ,NA,NA
8,,MAYOR DOWN, $8.12 ,,2,"EL SUAVIAZANTE DE TELAS ES UN AGENTE QUÍMICO UTILIZADO DURANTE EL LAVADO DE ROPA, EL CUAL TIENE COMO OBJETIVO SUAVIZAR Y CONTRARRESTAR LA ESTÁTICA EN LA MISMA, ADEMÁS DE DEJAR UN AROMA AGRADABLE. SU CONSISTENCIA CONCENTRADA PERMITE RENDIR UN POCO MÁS SU CONSUMO. ", $12 ,NA,NA
9,,SUAVIZANTE DE TELAS BEBÉ, $8.66 ,,2,"EL SUAVIAZANTE DE TELAS ES UN AGENTE QUÍMICO UTILIZADO DURANTE EL LAVADO DE ROPA, EL CUAL TIENE COMO OBJETIVO SUAVIZAR Y CONTRARRESTAR LA ESTÁTICA EN LA MISMA, ADEMÁS DE DEJAR UN AROMA AGRADABLE. SU CONSISTENCIA CONCENTRADA PERMITE RENDIR UN POCO MÁS SU CONSUMO. ", $12 ,NA,NA
10,,FLOR DE LUNA , $8.66 ,,2,"EL SUAVIAZANTE DE TELAS ES UN AGENTE QUÍMICO UTILIZADO DURANTE EL LAVADO DE ROPA, EL CUAL TIENE COMO OBJETIVO SUAVIZAR Y CONTRARRESTAR LA ESTÁTICA EN LA MISMA, ADEMÁS DE DEJAR UN AROMA AGRADABLE. SU CONSISTENCIA CONCENTRADA PERMITE RENDIR UN POCO MÁS SU CONSUMO. ", $12 ,NA,NA
11,,CITRUS FRESH , $12.68 ,,3,"ES UN JABÓN PARA MANOS LÍQUIDO, EXCELENTE PARA EL LAVADO DE LAS MANOS, YA QUE ES CAPAZ DE REMOVER SUCIEDAD E INCLUSO GRASA, AUNANDO SU PODER ANTIBACTERIAL, DEJANDO UN AGRADABLE AROMA DESPUÉS DEL LAVADO, A LA VEZ PREVIENE LA RESEQUEDAD DE LAS MISMAS GRACIAS A SUS HUMECTANTES PRESENTES EN SU FÓRMULA. ESTE MISMO PUEDE SER USADO COMO JABÓN CORPORAL YA QUE ES SUAVE E INOFENSIVO PARA LA PIEL. ", $18 ,NA,NA
12,,ALMENDRA, $12.68 ,,3,"ES UN JABÓN PARA MANOS LÍQUIDO, EXCELENTE PARA EL LAVADO DE LAS MANOS, YA QUE ES CAPAZ DE REMOVER SUCIEDAD E INCLUSO GRASA, AUNANDO SU PODER ANTIBACTERIAL, DEJANDO UN AGRADABLE AROMA DESPUÉS DEL LAVADO, A LA VEZ PREVIENE LA RESEQUEDAD DE LAS MISMAS GRACIAS A SUS HUMECTANTES PRESENTES EN SU FÓRMULA. ESTE MISMO PUEDE SER USADO COMO JABÓN CORPORAL YA QUE ES SUAVE E INOFENSIVO PARA LA PIEL. ", $18 ,NA,NA
13,,LIMÓN , $11.39 ,,4,"ES UN DETERGENTE DISEÑADO PARA EL LAVADO DE VAJILLAS Y UTENSILIOS DE COCINA, GRACIAS A LOS AGENTE QUÍMICOS CONTENIDOS EN SU FÓRMULA HACEN QUE ESTE DETERGENTE SE EFICAZ PARA EL LAVADO Y EVITE MALTRATAR LAS MANOS DE QUIEN LO USA, SU ESPUMA ES DE FÁCIL ENJUAGUE Y NO DEJA PERFUMADO LOS UTENSILIOS MÁS SIN EMBARGO PROPORCIONA UN AROMA AGRADABLE DURANTE EL LAVADO. ", $16 ,NA,NA
14,,MULTIUSOS LAVANDA , $3.55 ,,5,"ES UN AGENTE DE LIMPIEZA A BASE DE SURFACTANTES ESPECIALIZADOS PARA REMOVER TODO TIPO DE SUCIEDAD, DEJANDO UN FRESCO AROMA DURANTE Y DESPUÉS DE LA LIMPIEZA EN PISOS, PAREDES, VENTANAS, HOTELES, COCINAS, BAÑOS, HOSPITALES, ETC. DISPONIBLE EN AROMAS: LAVANDA, LIMA-LIMÓN, FLORIAL, FRUTOS TROPICALES Y MAR FRESCO. ", $8 ,NA,NA
15,,MULTIUSOS LIMA-LIMÓN , $3.55 ,,5,"ES UN AGENTE DE LIMPIEZA A BASE DE SURFACTANTES ESPECIALIZADOS PARA REMOVER TODO TIPO DE SUCIEDAD, DEJANDO UN FRESCO AROMA DURANTE Y DESPUÉS DE LA LIMPIEZA EN PISOS, PAREDES, VENTANAS, HOTELES, COCINAS, BAÑOS, HOSPITALES, ETC. DISPONIBLE EN AROMAS: LAVANDA, LIMA-LIMÓN, FLORIAL, FRUTOS TROPICALES Y MAR FRESCO. ", $8 ,NA,NA
16,,MULTIUSOS FLORAL , $3.55 ,,5,"ES UN AGENTE DE LIMPIEZA A BASE DE SURFACTANTES ESPECIALIZADOS PARA REMOVER TODO TIPO DE SUCIEDAD, DEJANDO UN FRESCO AROMA DURANTE Y DESPUÉS DE LA LIMPIEZA EN PISOS, PAREDES, VENTANAS, HOTELES, COCINAS, BAÑOS, HOSPITALES, ETC. DISPONIBLE EN AROMAS: LAVANDA, LIMA-LIMÓN, FLORIAL, FRUTOS TROPICALES Y MAR FRESCO. ", $8 ,NA,NA
17,,MULTIUSOS FRUTOS TROPICALES , $3.55 ,,5,"ES UN AGENTE DE LIMPIEZA A BASE DE SURFACTANTES ESPECIALIZADOS PARA REMOVER TODO TIPO DE SUCIEDAD, DEJANDO UN FRESCO AROMA DURANTE Y DESPUÉS DE LA LIMPIEZA EN PISOS, PAREDES, VENTANAS, HOTELES, COCINAS, BAÑOS, HOSPITALES, ETC. DISPONIBLE EN AROMAS: LAVANDA, LIMA-LIMÓN, FLORIAL, FRUTOS TROPICALES Y MAR FRESCO. ", $8 ,NA,NA
18,,MAYOR PINO , $4.10 ,,5,"EXCELENTES  REMOVEDOR DE SUCIEDAD INCLUSO GRASA, EL CUAL DEJA UN AGRADABLE Y DURADERO AROMA A PINO, AYUDANDO CON ESTE A REPELER INSECTOS. PUEDE SER UTILIZADO PARA LIMPIEZA EN PISOS, MUEBLES, PAREDES, VENTANAS DE CASA HABITACIÓN, HOTELES, COCINAS, RESTAURANTES, HOSPITALES, ESCUELAS, ETC. ", $9 ,NA,NA
19,,PINOGEL , $32.00 ,,5,"Pinogel combina las propiedades del aceite esencial de pino con una textura en gel, lo que lo hace más fácil de aplicar y utilizar en diversas superficies. Se utiliza para limpiar y desodorizar, dejando un aroma fresco y agradable a pino en el ambiente. La presentación en gel del aceite de pino facilita su aplicación y permite una distribución uniforme sobre las superficies. Se puede utilizar en pisos, azulejos, baños, cocinas, muebles, alfombras y otros objetos o áreas que requieran limpieza y desodorización.", $51 ,NA,NA
20,,PINO BLANCO , $4.10 ,,5,"PINO BLANCO, ES UN AGENTE DE LIMPIEZA A BASE DE UNA MEZCLA DE SURFACTANTES Y ACEITE ESENCIAL DE PINO, LO CUAL PERMITE QUE SEA UN EXCELENTE REMOVEDOR DE SUCIEDAD, POR SU EFECTIVIDAD PUEDE SER USADO COMO MULTILIMPIADOR, DESENGRASANTE DE PISOS Y COMO ADITIVO PARA AYUDA DEL DESMANCHADO EN ROPA, PINO ROPA DEJA UN AGRADABLE Y DURADERO AROMA A PINO, AYUDANDO CON ESTE A REPELER INSECTOS.", $9 ,NA,NA
21,,CLORO 6% , $2.55 ,,5,"ES UN DESINFECTANTE MUY EFICAZ A BASE DE HIPOCLORITO DE SODIO, EL CUAL TIENE EL PODER DE DESODORIZAR LA SUPERFICIE QUE SE DESINFECTA. SE PUEDE UTILIZAR PARA DESINFECTAR PISOS, PAREDES, VENTANAS, INSTRUMENTOS DE TRABAJO, ETC. EN EL HOGAR, INDUSTRIAS, HOSPITALES, COCINA, LAVANDERÍA, EN ESTA ÚLTIMA ES UTILIZADA PARA REMOVER MANCHAS QUE EL DETERGENTE COMÚN NO LO QUITA Y POR EL AROMA RESIDUAL ES CAPAZ DE REPELER INSECTOS ", $6 ,NA,NA
22,,LIMPIA VIDRIOS , $3.00 ,,5,"ES UN DETERGENTE LÍQUIDO DISEÑADO PARA QUITAR CUALQUIER TIPO DE SUCIEDAD O MANCHA DE UNA SUPERFICIE VIDRIOSA. TALES COMO VENTANALES, ESPEJOS, LOSETA DE COCINA, VIDRIOS DE AUTOMÓVILES,ETC. PROPORCIONA UNA BUENA DETERGENCIA, PERO ADEMÁS SU RETIRO Y LIMPIEZA ES MUY PRÁCTICO HACIENDO DE ESTE EL MEJOR AGENTE QUÍMICO PARA ESTA FINALIDAD.", $7 ,NA,NA
23,,QUITASARRO , $6.43 ,,5,"ES UN AGENTE ÁCIDO, DISEÑADO CON LA FINALIDAD DE ELIMINAR CUALQUIER TIPO DE SARRO. SU EFICIENCIA PERMITE SU USO EN DISTINTAS ÁREAS, TALES COMO: BAÑOS, PAREDES, PISOS, VIDRIOS, ETC. GRACIAS A LAS SALES CUARTENARIAS CONTENIDAS EN SU FORMULACIÓN LO HACEN UN PRODUCTO CON PODER ANTIBACTERIAL. ", $17 ,NA,NA
24,,AEROSOL AROMATIZANTE WIESE 400 ML , $29.00 ,,5,N/A, $47 ,NA,NA
25,,DESENGRASANTE INDUSTRIAL , $17.00 ,,6,"Es el versátil limpiador y desengrasante multiusos con una agradable y suave fragancia, seguro y biodegradable. No es corrosivo, no es abrasivo. Por su química más segura es ideal para usar en todo tipo de labores de mantenimiento y limpieza en la industria.
Limpie eficazmente equipos, pisos, paredes, utensilios y úselo aún en la lavandería. Puede usarse en fregadoras de pisos, tapetes extractores y tanques.", $22 ,NA,NA
26,,DESENGRASANTE MULTIUSOS , $12.94 ,,6,"EN LA MAYORÍA DE LOS CASOS SE UTILIZA PARA LIMPIAR PARRILLAS, COMALES, PAREDES Y CUALQUIER TIPO DE SUPERFICIES DE LA COCINA QUE TENGAN CONTACTO CON LA GRASA.", $17 ,NA,NA
27,,LIMPIA HORNOS MONY , $16.50 ,,6,N/A, $27 ,NA,NA
28,,MAYORCOM, $14.00 ,,6,"ES UN DETERGENTE CONCENTRADO DE USO INDUSTRIAL, LO CUAL PERMITE SER UTILIZADO PARA LAVADO DE SUPERFICIES DONDE SE ENCUENTRAN RESIDUOS DE GRASA, PARA EL LAVADO DE UTENSILIOS DE COCINA, LAVADO DE MANTELERÍA Y ROPA MUY PERCUDIDA. AL SER UN DETERGENTE DE USO INDUSTRIAL SU FORMULACIÓN NO INCLUYE EL ADITAMENTO DE AROMA QUE PUEDEN REPERCUTIR EN ALGÚN PROCESO DE CALIDAD. ", $18 ,NA,NA
29,,CHANNEL , $13.12 ,,7,"ES UN LÍQUIDO DESODORIZANTE UTILIZADO PARA MEJORAR EL AROMA EN ESPACIOS COMO BAÑOS, OFICINAS, SALAS, ETC. SU USO ES INSTITUCIONAL YA QUE ES UTILIZADO EN ESCUELAS, OFICINAS, CASA, RESTAURANTES, ETC. DISPONIBLE EN AROMAS: CHANNEL, ETERNITY, FRESA, LACOSTE Y POLO.", $18 ,NA,NA
30,,ETERNITY , $13.12 ,,7,"ES UN LÍQUIDO DESODORIZANTE UTILIZADO PARA MEJORAR EL AROMA EN ESPACIOS COMO BAÑOS, OFICINAS, SALAS, ETC. SU USO ES INSTITUCIONAL YA QUE ES UTILIZADO EN ESCUELAS, OFICINAS, CASA, RESTAURANTES, ETC. DISPONIBLE EN AROMAS: CHANNEL, ETERNITY, FRESA, LACOSTE Y POLO.", $18 ,NA,NA
31,,LACOSTE , $13.12 ,,7,"ES UN LÍQUIDO DESODORIZANTE UTILIZADO PARA MEJORAR EL AROMA EN ESPACIOS COMO BAÑOS, OFICINAS, SALAS, ETC. SU USO ES INSTITUCIONAL YA QUE ES UTILIZADO EN ESCUELAS, OFICINAS, CASA, RESTAURANTES, ETC. DISPONIBLE EN AROMAS: CHANNEL, ETERNITY, FRESA, LACOSTE Y POLO.", $18 ,NA,NA
32,,CAROLINA HERRERA ,,,7,"ES UN LÍQUIDO DESODORIZANTE UTILIZADO PARA MEJORAR EL AROMA EN ESPACIOS COMO BAÑOS, OFICINAS, SALAS, ETC. SU USO ES INSTITUCIONAL YA QUE ES UTILIZADO EN ESCUELAS, OFICINAS, CASA, RESTAURANTES, ETC. DISPONIBLE EN AROMAS: CHANNEL, ETERNITY, FRESA, LACOSTE Y POLO.", $18 ,NA,NA
33,,POLO , $13.12 ,,7,"ES UN LÍQUIDO DESODORIZANTE UTILIZADO PARA MEJORAR EL AROMA EN ESPACIOS COMO BAÑOS, OFICINAS, SALAS, ETC. SU USO ES INSTITUCIONAL YA QUE ES UTILIZADO EN ESCUELAS, OFICINAS, CASA, RESTAURANTES, ETC. DISPONIBLE EN AROMAS: CHANNEL, ETERNITY, FRESA, LACOSTE Y POLO.", $18 ,NA,NA
34,,SHAMPOO PARA AUTO , $9.43 ,,8,"ES UN DETERGENTE DE ALTA ESPUMA DISEÑADO PARA FACILITAR EL LAVADO DE LAS SUPERFICIES DE AUTOMOTORES. SUS AGENTES LIMPIADORES PERMITEN REMOVER Y QUITAR LA SUCIEDAD DE DICHA SUPERFICIE PROPORCIONANDO SEGURIDAD EN LA PINTURA DE LA MISMA Y UN ENJUAGADO MUY RÁPIDO Y EFICAZ. SE UTILIZA PARA EL LAVADO DE LLANTAS, CARROCERÍA, TAPETES, INTERIORES, ETC. ", $18 ,NA,NA
35,,ARMOR ALL , $35.00 ,,8,"ES UN AGENTE ABRILLANTADOR PARA VINIL Y PLÁSTICOS INTERIORES DE AUTOMÓVILES, DEBIDO A SUS AGENTES SILICONADOS PRESENTES EN SU FORMULACIÓN, AYUDA AL CUIDADO DE LOS MISMO PROTEGIÉNDOLOS CON UNA BUENA HUMECTACIÓN Y UNA PELÍCULA PROTECTORA. ", $56 ,NA,NA
36,,ABRILLANTADOR DE LLANTAS, $21.63 ,,8,"ES UN ABRILLANTADOR DE LLANTAS FORMULADO A BASE DE SILICONADOS Y HUMECTANTES, LOS CUALES PERMITEN PROPORCIONAR UN BRILLO EXCELENTE EN SUS LLANTAS SIN IMPORTAR SU ESTADO. SU FORMULACIÓN PERMITE DEJAR UNA CAPA SILICONADA QUE AYUDA A EVITAR QUE EL POLVO SE ADHIERA EN EXCESO. ", $50 ,NA,NA
37,,SHAMPOO PARA AUTOS CON CERA ,,,8,"Es un producto de alta calidad diseñado para mantener tu vehículo en las mejores condiciones. Este shampoo concentrado no solo limpia a profundidad, sino que también proporciona un brillo duradero gracias a su contenido de cera.", $20 ,NA,NA
38,,ESPONJA , $12.00 ,,8,N/A, $19 ,NA,NA
39,,JALADOR NEGRO , $42.00 ,,8,N/A, $68 ,NA,NA
40,,SCOTT TOALLAS ROLLO, $40.82 ,,8,N/A, $57 ,NA,NA
41,,DETER CLORO , $9.30 ,,9,"DETERCLORO TAMBIÉN CONOCIDO COMO CLORO GEL O CLORO PARA MASCOTAS, ES UN DETERGENTE A BASE DE UNA MEZCLA DE SURFACTANTES E HIPOCLORITO DE SODIO. ESPECIALIZADO EN REMOVER MANCHAS DIFÍCILES DE QUITAR, SU EFICACIA HA PERMITIDO QUE LE BRINDEN DIFERENTES USOS EN EL HOGAR. ES USADO COMO AUXILIAR EN EL BLANQUEADO DE PRENDAS, EN EL LAVADO DE MANTELES, LAVADO DE ÁREAS DONDE SE ENCUENTRAN MASCOTAS, PARA EL LAVADO DE UTENSILIOS DE COCINA O CARNICERÍAS. ", $15 ,NA,NA
42,,INSECTICIDA , $85.00 ,,9,N/A, $140 ,NA,NA
43,,,,,9,,,NA,NA
44,,DETER CLORO , $9.30 ,,10,"DETERCLORO TAMBIÉN CONOCIDO COMO CLORO GEL O CLORO PARA MASCOTAS, ES UN DETERGENTE A BASE DE UNA MEZCLA DE SURFACTANTES E HIPOCLORITO DE SODIO. ESPECIALIZADO EN REMOVER MANCHAS DIFÍCILES DE QUITAR, SU EFICACIA HA PERMITIDO QUE LE BRINDEN DIFERENTES USOS EN EL HOGAR. ES USADO COMO AUXILIAR EN EL BLANQUEADO DE PRENDAS, EN EL LAVADO DE MANTELES, LAVADO DE ÁREAS DONDE SE ENCUENTRAN MASCOTAS, PARA EL LAVADO DE UTENSILIOS DE COCINA O CARNICERÍAS. ", $15 ,NA,NA
45,,PASTILLAS DE CLORO PAQUETE DE 5 , $95.40 ,,10,N/A, $25 ,NA,NA
46,,PASTILLAS DESODORANTES WIESE , $13.92 ,,10,N/A, $19 ,NA,NA
47,,CLORO 6% , $2.55 ,,10,"ES UN DESINFECTANTE MUY EFICAZ A BASE DE HIPOCLORITO DE SODIO, EL CUAL TIENE EL PODER DE DESODORIZAR LA SUPERFICIE QUE SE DESINFECTA. SE PUEDE UTILIZAR PARA DESINFECTAR PISOS, PAREDES, VENTANAS, INSTRUMENTOS DE TRABAJO, ETC. EN EL HOGAR, INDUSTRIAS, HOSPITALES, COCINA, LAVANDERÍA, EN ESTA ÚLTIMA ES UTILIZADA PARA REMOVER MANCHAS QUE EL DETERGENTE COMÚN NO LO QUITA Y POR EL AROMA RESIDUAL ES CAPAZ DE REPELER INSECTOS ", $6 ,NA,NA
48,,PAPEL HIGIÉNICO JUMBO MARLI 200MTS, $29.17 ,,11,N/A, $41 ,NA,NA
49,,SANITAS INDIVIDUAL, $11.25 ,,11,N/A, $18 ,NA,NA
50,,CAJA PAPEL JR BLANCO C/12 ROLLOS,,,11,N/A, $370 ,NA,NA
51,,CAJA PAPEL JUMBO C/6 ROLLO ,,,11,N/A, $360 ,NA,NA
52,,CAJA PAPEL TOALLA PARA MANOS C/6 ROLLOS,,,11,N/A, $327 ,NA,NA
53,,CAJA SANITAS C/20 PIEZAS 2000 HOJAS ,,,11,N/A, $300 ,NA,NA
54,,ATOMIZADOR ECONÓMICO , $18.00 ,,12,N/A, $29 ,NA,NA
55,,ATOMIZADOR INDUSTRIAL LITRO , $22.50 ,,12,N/A, $37 ,NA,NA
56,,FRANELA , $14.00 ,,12,N/A, $23 ,NA,NA
57,,MICROFIBRA  40X40 , $9.61 ,,12,N/A, $16 ,NA,NA
58,,MICROFIBRA  40X 60 , $9.61 ,,12,N/A, $16 ,NA,NA
59,,PAÑO MICROTOWEL PARA SECAR ,,,12,N/A, $30 ,NA,NA
60,,FIBRA PARA TRASTES ECONÓMICA , $5.00 ,,12,N/A, $8 ,NA,NA
61,,FIBRA PARA TRASTES 3M SCOTCH BRITE P94, $21.00 ,,12,N/A, $34 ,NA,NA
62,,FIBRA PARA TRASTES 3M SCOTCH BRITE P66, $17.00 ,,12,N/A, $28 ,NA,NA
63,,FIBRA PARA TRASTES 3M SCOTCH BRITE P96, $17.00 ,,12,N/A, $28 ,NA,NA
64,,FIBRA NEGRA P76, $22.00 ,,12,N/A, $36 ,NA,NA
65,,FIBRA AJAX, $1.45 ,,12,N/A, $2 ,NA,NA
66,,FIBRA FREGON COLORES , $10.00 ,,12,N/A, $16 ,NA,NA
67,,FIBRA DE ALAMBRE DE ACERO 60 GR, $8.50 ,,12,N/A, $14 ,NA,NA
68,,FIBRA DE ALAMBRE DE ACERO CHICA, $4.75 ,,12,N/A, $8 ,NA,NA
69,,FIBRA  MULTIUSOS ORO , $10.00 ,,12,N/A, $16 ,NA,NA
70,,FIBRA MULTIUSOS PLATA , $10.00 ,,12,N/A, $16 ,NA,NA
71,,CUADRITELA , $7.50 ,,12,N/A, $12 ,NA,NA
72,,FIBRA NEGRA ECONÓMICA , $5.50 ,,12,N/A, $9 ,NA,NA
73,,CEPILLOS INDIVIDUAL GRANDE , $12.00 ,,12,N/A, $19 ,NA,NA
74,,CEPILLOS INDIVIDUAL CHICO, $10.00 ,,12,N/A, $16 ,NA,NA
75,,CEPILLO PLANCHA CUADRADO , $14.50 ,,12,N/A, $24 ,NA,NA
76,,CEPILLOS TIPO PLANCHA , $12.00 ,,12,N/A, $19 ,NA,NA
77,,JERGA , $17.00 ,,12,N/A, $28 ,NA,NA
78,,PINZAS PARA LA ROPA , $14.50 ,,12,N/A, $24 ,NA,NA
79,,GUANTES MULTIUSOS 7, $16.50 ,,12,N/A, $27 ,NA,NA
80,,GUANTES MULTIUSOS 8, $16.50 ,,12,N/A, $27 ,NA,NA
81,,GUANTES MULTIUSOS 9, $16.50 ,,12,N/A, $27 ,NA,NA
82,,CEPILLO ESPÁTULA , $12.00 ,,12,N/A, $19 ,NA,NA
83,,ESCOBETA RAÍZ, $12.50 ,,12,N/A, $20 ,NA,NA
84,,ESTROPAJO IXTLE , $1.45 ,,12,N/A, $2 ,NA,NA
85,,BOMBA DESTAPADOR DE BAÑO, $26.00 ,,12,N/A, $42 ,NA,NA
86,,CEPILLO PARA W.C., $29.00 ,,12,N/A, $47 ,NA,NA
87,,GANCHOS ROPA , $23.50 ,,12,N/A, $38 ,NA,NA
88,,PLUMERO , $38.00 ,,12,N/A, $62 ,NA,NA
89,,TRAMPA RATA GRANDE , $40.00 ,,12,N/A, $65 ,NA,NA
90,,TRAMPA RATA PEQUEÑA , $30.00 ,,12,N/A, $49 ,NA,NA
91,,SALERO CUCARACHAS, $33.00 ,,12,N/A, $54 ,NA,NA
92,,ESPONJA CUERPO , $11.00 ,,12,N/A, $18 ,NA,NA
93,,TAPA COLADERAS, $14.00 ,,12,N/A, $23 ,NA,NA
94,,LIJA PARA AGUA , $7.50 ,,12,N/A, $12 ,NA,NA
95,,JALADOR DE HULE , $36.00 ,,12,N/A, $58 ,NA,NA
96,,PIEDRA POMEX 300 GR , $12.50 ,,12,N/A, $20 ,NA,NA
97,,TAPETE MINGITRIO, $14.00 ,,12,N/A, $23 ,NA,NA
98,,CEPILLO PARA VASOS , $12.50 ,,12,N/A, $20 ,NA,NA
99,,FIBRA PARA CRISTALERÍA CERO RAYAS, $17.50 ,,12,N/A, $28 ,NA,NA
100,,TENDEDERO, $10.00 ,,12,N/A, $16 ,NA,NA
101,,CUBETAS 18 LITROS , $49.00 ,,13,N/A, $69 ,NA,NA
102,,BOTE DE BASURA SABLÓN , $95.14 ,,13,N/A, $155 ,NA,NA
103,,BOLSA DE CAMISETA GRANDE , $42.00 ,,13,N/A, $68 ,NA,NA
104,,BOLSA DE CAMISETA JUMBO , $35.00 ,,13,N/A, $57 ,NA,NA
105,,BOLSA 60X90 , $26.00 ,,13,N/A, $42 ,NA,NA
106,,BOLSA 90X 1.20, $26.00 ,,13,N/A, $42 ,NA,NA
107,,BOLSA 1X120, $34.00 ,,13,N/A, $55 ,NA,NA
108,,MATAMOSCAS , $6.00 ,,13,N/A, $10 ,NA,NA
109,,SANITIZANTE DE 4TA GENERACIÓN , $25.30 ,,14,"ES UN DERIVADO DE SALES CUATERNARIAS DE AMONIO, LO CUAL LE BRINDA UNA ALTA EFICACIA DESTRUYENDO BACTERIAS, VIRUS, GÉRMENES, HONGOS Y ALGAS. TENIENDO COMO PLUS QUE ES 100% BIODEGRADABLE Y UN AMPLIO ESPECTRO CONTRA BACTERIAS GRAM + Y GRAM -, POR LO CUAL TAMBIÉN PUEDE SER UTILIZADO COMO DEODORIZANTE.", $30 ,NA,NA
110,,GEL ANTIBACTERIAL 70% , $44.50 ,,14,"ES UN DESINFECTANTE DE AMPLIO ESPECTRO. ELABORADO CON ALCOHOL ETÍLICO GRADO FARMACÉUTICO A UNA CONCENTRACIÓN DEL 70% Y PARA GARANTIZAR SU EFICACIA COMPLEMENTA SU FORMULACIÓN UN GERMICIDA DE AMPLIO ESPECTRO PERTENECIENTE A UNA FAMILIA DE COMPUESTOS ANTIMICROBIANOS, DICHO GERMICIDA ACTÚA COMO BACTERICIDA, FUNGICIDA Y VIRUCIDA.", $54 ,NA,NA
111,,TRAPEADOR MICROFIBRA ESPAÑOLA , $105.00 ,,15,N/A, $171 ,NA,NA
112,,TRAPEADOR DEPABILO NO. 24, $33.50 ,,15,N/A, $54 ,NA,NA
113,,TRAPEADOR MÁGICO, $41.00 ,,15,N/A, $67 ,NA,NA
114,,TRAPEADOR HILAZA NO.24, $42.50 ,,15,N/A, $69 ,NA,NA
115,,TRAPEADOR TELA DE MICRO FIBRA , $73.00 ,,15,N/A, $119 ,NA,NA
116,,ESCOBA VENECIANA , $55.00 ,,16,N/A, $89 ,NA,NA
117,,ESCOBA DE CEPILLO JUMBO RABER, $31.00 ,,16,N/A, $50 ,NA,NA
118,,ESCOBA DE CEPILLO MAXI , $29.00 ,,16,N/A, $47 ,NA,NA
119,,ESCOBA ABANICO , $30.50 ,,16,N/A, $50 ,NA,NA
120,,ESCOBA AUTOMÓVIL, $66.50 ,,16,N/A, $108 ,NA,NA
121,,ESCOBA ABEJA, $45.50 ,,16,N/A, $74 ,NA,NA
122,,ESCOBA ARCOÍRIS, $50.50 ,,16,N/A, $82 ,NA,NA
123,,ESCOBA ESPIGA NEGRA , $130.00 ,,16,N/A, $211 ,NA,NA
124,,RECOGEDOR LAMINA , $41.00 ,,16,N/A, $67 ,NA,NA
125,,RECOGEDOR PLÁSTICO CON BASTÓN , $15.50 ,,16,N/A, $25 ,NA,NA
126,,JALADOR DE HULE , $36.00 ,,16,N/A, $58 ,NA,NA
127,,BOTELLA GARRAFA 5 LITROS , $12.65 ,,17,N/A, $16 ,NA,NA
128,,TAPA GARRAFA, $0.81 ,,17,, $2 ,NA,NA
129,,ASA, $1.36 ,,17,, $3 ,NA,NA
130,,BOTELLA POLIBOSTON NATURAL , $5.69 ,,17,N/A, $7 ,NA,NA
131,,BOTELLA POLIBOSTON 1 LITRO 30 GR, $3.96 ,,17,N/A, $6 ,NA,NA
132,,BOTELLA BOSTON 250 ML , $2.04 ,,17,N/A, $4 ,NA,NA
133,,TAPA CUELLO LARGO , $0.38 ,,17,N/A, $1 ,NA,NA
134,,BIDÓN, $11.00 ,,17,N/A, $22 ,NA,NA